{"cameraMode":{"drawMode":0,"name":"Shaded","section":"Shading Mode"},"sceneLighting":false,"audioPlay":false,"sceneViewState":{"showFog":true,"showMaterialUpdate":false,"showSkybox":true,"showFlares":true,"showImageEffects":true,"showParticleSystems":true},"in2DMode":false,"pivot":{"x":-4.646182537078857,"y":0.8394521474838257,"z":-2.3920886516571047},"rotation":{"x":-0.062250539660453799,"y":0.7668001055717468,"z":-0.07524054497480393,"w":-0.6344154477119446},"size":0.985714852809906,"orthographic":false}