{"cameraMode":{"drawMode":0,"name":"Shaded","section":"Shading Mode"},"sceneLighting":false,"audioPlay":false,"sceneViewState":{"showFog":true,"showMaterialUpdate":false,"showSkybox":true,"showFlares":true,"showImageEffects":true,"showParticleSystems":true},"in2DMode":false,"pivot":{"x":-13.163789749145508,"y":1.2274901866912842,"z":-1.9848302602767945},"rotation":{"x":-0.062250539660453799,"y":0.7668001055717468,"z":-0.07524054497480393,"w":-0.6344154477119446},"size":2.014285087585449,"orthographic":false}